<?xml version="1.0" encoding="UTF-8"?>
<root versionMajor="1" versionMinor="0">
  <kernel name="sfm_xrt_top" language="ip" vlnv="xilinx.com:RTLKernel:sfm_xrt_top:1.0" attributes="" preferredWorkGroupSizeMultiple="0" workGroupSize="1" debug="true" compileOptions=" -g" profileType="none">
    <ports>
      <port name="s_axi_control" mode="slave" range="0x00004000" dataWidth="32" portType="addressable" base="0x0"/>
      <port name="M_AXI" mode="master" range="0xFFFFFFFF" dataWidth="32" portType="addressable" base="0x0"/>
    </ports>
    <args>            
	<arg name="sm_doneclr"      addressQualifier="0" id="0"  port="s_axi_control" size="0x4" offset="0x40" hostOffset="0x0" hostSize="0x4" type="int*"/> 	
	<arg name="sm_cmd_x_len"    addressQualifier="0" id="1"  port="s_axi_control" size="0x4" offset="0x44" hostOffset="0x0" hostSize="0x4" type="int*"/> 
	<arg name="sm_cmd_y_len"    addressQualifier="0" id="2"  port="s_axi_control" size="0x4" offset="0x48" hostOffset="0x0" hostSize="0x4" type="int*"/>
	<arg name="sm_src_addr"     addressQualifier="1" id="3"  port="M_AXI"         size="0x8" offset="0x4c" hostOffset="0x0" hostSize="0x8" type="int*"/>
	<arg name="sm_dst_addr"     addressQualifier="1" id="4"  port="M_AXI"         size="0x8" offset="0x54" hostOffset="0x0" hostSize="0x8" type="int*"/>
	<arg name="sm_cmd_scale"    addressQualifier="0" id="5"  port="s_axi_control" size="0x4" offset="0x5c" hostOffset="0x0" hostSize="0x4" type="int*"/>
	<arg name="sm_cmd_offset"   addressQualifier="0" id="6"  port="s_axi_control" size="0x4" offset="0x60" hostOffset="0x0" hostSize="0x4" type="int*"/>	
    </args>
  </kernel>
</root>
